Date,split,actual,lstm,persistence
2020-02-11,train,100.6705614080998,100.28812,100.15316118366802
2020-02-12,train,101.21260146220547,100.74928,100.6705614080998
2020-02-13,train,103.86822627385419,101.30441,101.21260146220547
2020-02-14,train,103.38357088180071,104.09134,103.86822627385419
2020-02-17,train,102.7705823074518,103.70948,103.38357088180071
2020-02-18,train,101.79224017220992,102.511284,102.7705823074518
2020-02-19,train,102.56796254477585,101.47273,101.79224017220992
2020-02-20,train,103.9877699496562,102.66978,102.56796254477585
2020-02-21,train,103.86644862667372,104.295395,103.9877699496562
2020-02-24,train,102.84510777574292,104.00084,103.86644862667372
2020-02-25,train,101.85296704696411,102.53296,102.84510777574292
2020-02-26,train,102.6717891355901,101.466675,101.85296704696411
2020-02-27,train,103.61234026854571,102.76811,102.6717891355901
2020-02-28,train,104.31073578706425,103.877106,103.61234026854571
2020-03-02,train,103.50171390379322,104.40579,104.31073578706425
2020-03-03,train,103.81122524519613,103.373856,103.50171390379322
2020-03-04,train,103.97748003948539,103.58296,103.81122524519613
2020-03-05,train,104.27155488280854,104.00881,103.97748003948539
2020-03-06,train,105.38873439616528,104.26884,104.27155488280854
2020-03-09,train,105.69302401086527,105.36375,105.38873439616528
2020-03-10,train,106.57893192255695,105.70846,105.69302401086527
2020-03-11,train,106.68673225062564,106.41806,106.57893192255695
2020-03-12,train,107.07893117732237,106.561874,106.68673225062564
2020-03-13,train,107.91476426720337,106.83061,107.07893117732237
2020-03-16,train,106.06539373688464,107.64007,107.91476426720337
2020-03-17,train,105.68043446507079,105.86398,106.06539373688464
2020-03-18,train,105.10662377985227,105.02035,105.68043446507079
2020-03-19,train,104.3247641042943,104.750084,105.10662377985227
2020-03-20,train,104.0016805659227,103.98563,104.3247641042943
2020-03-23,train,105.90541177928523,103.627045,104.0016805659227
2020-03-24,train,104.83171819670711,105.83444,105.90541177928523
2020-03-25,train,106.07811120540501,104.84633,104.83171819670711
2020-03-26,train,103.97820227258406,105.6685,106.07811120540501
2020-03-27,train,103.58190612623517,103.70121,103.97820227258406
2020-03-30,train,103.80516203284411,102.97008,103.58190612623517
2020-03-31,train,104.55888108041242,103.74074,103.80516203284411
2020-04-01,train,105.47617383628658,104.63376,104.55888108041242
2020-04-02,train,106.50641880666329,105.45108,105.47617383628658
2020-04-03,train,106.08286701133221,106.40899,106.50641880666329
2020-04-06,train,105.51702680805295,105.97702,106.08286701133221
2020-04-07,train,106.63033524358679,105.1376,105.51702680805295
2020-04-08,train,106.40710916286355,106.346214,106.63033524358679
2020-04-09,train,104.81156870864798,106.37519,106.40710916286355
2020-04-10,train,103.41651901375397,104.36087,104.81156870864798
2020-04-13,train,102.30221044844494,102.60553,103.41651901375397
2020-04-14,train,102.93494730791599,101.85164,102.30221044844494
2020-04-15,train,103.13164902778237,102.96411,102.93494730791599
2020-04-16,train,104.01052981592116,103.18484,103.13164902778237
2020-04-17,train,103.49932702290081,103.94952,104.01052981592116
2020-04-20,train,103.7171608192532,103.41774,103.49932702290081
2020-04-21,train,104.51960605004214,103.5326,103.7171608192532
2020-04-22,train,104.1531605137596,104.54947,104.51960605004214
2020-04-23,train,104.74657023553374,104.16865,104.1531605137596
2020-04-24,train,103.93863787642776,104.586426,104.74657023553374
2020-04-27,train,103.50749840442317,103.81563,103.93863787642776
2020-04-28,train,103.05503889397869,103.19971,103.50749840442317
2020-04-29,train,101.6070708759054,102.863144,103.05503889397869
2020-04-30,train,102.22300984958407,101.31064,101.6070708759054
2020-05-01,train,101.66915567054969,102.15713,102.22300984958407
2020-05-04,train,101.7047389251573,101.73567,101.66915567054969
2020-05-05,train,102.31362583711434,101.63064,101.7047389251573
2020-05-06,train,102.88390669522856,102.39821,102.31362583711434
2020-05-07,train,103.72942792574477,103.033875,102.88390669522856
2020-05-08,train,103.6276336760125,103.84044,103.72942792574477
2020-05-11,train,103.12320607199361,103.67579,103.6276336760125
2020-05-12,train,103.04521065342647,102.962326,103.12320607199361
2020-05-13,train,100.99992932612207,102.91592,103.04521065342647
2020-05-14,train,99.28102522361088,100.72225,100.99992932612207
2020-05-15,train,97.73718319727793,98.89669,99.28102522361088
2020-05-18,train,96.59385343445031,97.71589,97.73718319727793
2020-05-19,train,97.07776912853193,96.7025,96.59385343445031
2020-05-20,train,96.04786415921514,97.210144,97.07776912853193
2020-05-21,train,95.6321156647831,96.012695,96.04786415921514
2020-05-22,train,97.15420331569494,95.52328,95.6321156647831
2020-05-25,train,96.7590892738012,97.13861,97.15420331569494
2020-05-26,train,97.63875165876064,96.523735,96.7590892738012
2020-05-27,train,96.5702814210677,97.417625,97.63875165876064
2020-05-28,train,96.35177310551296,96.194145,96.5702814210677
2020-05-29,train,95.27862871541028,96.00903,96.35177310551296
2020-06-01,train,94.91076514231747,94.93963,95.27862871541028
2020-06-02,train,95.89183461963935,94.61815,94.91076514231747
2020-06-03,train,93.94344839865992,95.68461,95.89183461963935
2020-06-04,train,94.45335097762789,93.47776,93.94344839865992
2020-06-05,train,94.74214132850231,94.13051,94.45335097762789
2020-06-08,train,94.08786690148258,94.40637,94.74214132850231
2020-06-09,train,92.48776871598236,93.620476,94.08786690148258
2020-06-10,train,92.58637196066591,92.11839,92.48776871598236
2020-06-11,train,92.01835308993486,92.37752,92.58637196066591
2020-06-12,train,92.29409486157867,91.81074,92.01835308993486
2020-06-15,train,92.33676542941123,92.09305,92.29409486157867
2020-06-16,train,94.14759724138534,92.09732,92.33676542941123
2020-06-17,train,93.89634552969159,93.956726,94.14759724138534
2020-06-18,train,92.7687184036959,93.44292,93.89634552969159
2020-06-19,train,92.9871028420102,92.28653,92.7687184036959
2020-06-22,train,93.25155785702286,92.72496,92.9871028420102
2020-06-23,train,94.80394435624359,92.97865,93.25155785702286
2020-06-24,train,95.77793649627361,94.594406,94.80394435624359
2020-06-25,train,96.20822021000728,95.46108,95.77793649627361
2020-06-26,train,97.93210553247047,95.76269,96.20822021000728
2020-06-29,train,96.56431675750912,97.76164,97.93210553247047
2020-06-30,train,95.84499612299349,95.93534,96.56431675750912
2020-07-01,train,94.80416581981189,95.17825,95.84499612299349
2020-07-02,train,94.38060852704909,94.330124,94.80416581981189
2020-07-03,train,92.85279597241984,94.00538,94.38060852704909
2020-07-06,train,93.58192084818559,92.496315,92.85279597241984
2020-07-07,train,93.3513693745215,93.3241,93.58192084818559
2020-07-08,train,91.73654829491046,92.97979,93.3513693745215
2020-07-09,train,90.64347138833116,91.446785,91.73654829491046
2020-07-10,train,91.00332831984761,90.68044,90.64347138833116
2020-07-13,train,91.94160061835818,91.041275,91.00332831984761
2020-07-14,train,94.19003310512444,91.84223,91.94160061835818
2020-07-15,train,97.56128258592544,94.04411,94.19003310512444
2020-07-16,train,98.0672662087344,97.57786,97.56128258592544
2020-07-17,train,96.92904109107555,97.80275,98.0672662087344
2020-07-20,train,94.49950725834155,96.15199,96.92904109107555
2020-07-21,train,94.82254124445491,93.66659,94.49950725834155
2020-07-22,train,93.92079913235854,94.547356,94.82254124445491
2020-07-23,train,93.47252824593565,93.533,93.92079913235854
2020-07-24,train,92.80703229687198,93.08342,93.47252824593565
2020-07-27,train,92.66889999014528,92.4693,92.80703229687198
2020-07-28,train,93.88068693484843,92.385704,92.66889999014528
2020-07-29,train,94.07659312135426,93.618484,93.88068693484843
2020-07-30,train,93.91645898218549,93.65567,94.07659312135426
2020-07-31,train,92.77505574841697,93.4361,93.91645898218549
2020-08-03,train,90.94742683762111,92.33303,92.77505574841697
2020-08-04,train,90.43631647104507,90.84828,90.94742683762111
2020-08-05,train,90.39604595362304,90.58289,90.43631647104507
2020-08-06,train,92.35276863061013,90.54717,90.39604595362304
2020-08-07,train,92.51575739356124,92.306465,92.35276863061013
2020-08-10,train,93.63196713009062,92.256325,92.51575739356124
2020-08-11,train,93.09126045015887,93.381836,93.63196713009062
2020-08-12,train,91.79528934304433,92.6934,93.09126045015887
2020-08-13,train,90.7564532506825,91.502754,91.79528934304433
2020-08-14,train,89.98804858772225,90.77859,90.7564532506825
2020-08-17,train,92.33456020335427,90.233894,89.98804858772225
2020-08-18,train,91.44720988882787,92.3677,92.33456020335427
2020-08-19,train,92.39046079104394,91.26309,91.44720988882787
2020-08-20,train,91.41308306661186,92.25576,92.39046079104394
2020-08-21,train,92.45920175774802,91.24786,91.41308306661186
2020-08-24,train,92.90587619602181,92.36774,92.45920175774802
2020-08-25,train,92.7499573792812,92.69998,92.90587619602181
2020-08-26,train,92.72314257695733,92.45151,92.7499573792812
2020-08-27,train,92.01583108957568,92.4558,92.72314257695733
2020-08-28,train,92.52820396043624,91.778244,92.01583108957568
2020-08-31,train,92.04280162911134,92.36939,92.52820396043624
2020-09-01,train,90.7171509663663,91.82236,92.04280162911134
2020-09-02,train,89.3544624556957,90.67674,90.7171509663663
2020-09-03,train,89.5576219614472,89.740105,89.3544624556957
2020-09-04,train,91.28909453689693,89.96358,89.5576219614472
2020-09-07,train,91.48282350064605,91.3875,91.28909453689693
2020-09-08,train,91.37094809945263,91.40676,91.48282350064605
2020-09-09,train,91.70321944678999,91.28656,91.37094809945263
2020-09-10,train,93.1703472038016,91.64055,91.70321944678999
2020-09-11,train,93.434634731508,93.08283,93.1703472038016
2020-09-14,train,92.9936276826202,93.15377,93.434634731508
2020-09-15,train,94.25524133701387,92.62211,92.9936276826202
2020-09-16,train,94.76039171549408,94.07736,94.25524133701387
2020-09-17,train,96.54223538233902,94.45623,94.76039171549408
2020-09-18,train,96.77410016440689,96.389595,96.54223538233902
2020-09-21,train,95.38160782907198,96.38932,96.77410016440689
2020-09-22,train,93.84719358841862,94.623825,95.38160782907198
2020-09-23,train,95.74409877914181,93.255646,93.84719358841862
2020-09-24,train,97.76464252128685,95.64917,95.74409877914181
2020-09-25,train,97.57377443011612,97.68698,97.76464252128685
2020-09-28,train,97.14556316609173,97.07415,97.57377443011612
2020-09-29,train,98.8840386033019,96.50674,97.14556316609173
2020-09-30,train,97.59861357761658,98.79483,98.8840386033019
2020-10-01,train,96.57564274652147,97.16759,97.59861357761658
2020-10-02,train,97.34355113254381,95.977135,96.57564274652147
2020-10-05,train,96.90307227372111,97.18338,97.34355113254381
2020-10-06,train,96.91649792268154,96.610405,96.90307227372111
2020-10-07,train,96.74594770264447,96.57112,96.91649792268154
2020-10-08,train,97.1580798725101,96.41925,96.74594770264447
2020-10-09,train,98.8327595060973,96.89849,97.1580798725101
2020-10-12,train,98.96004102311159,98.77522,98.8327595060973
2020-10-13,train,99.74764117738165,98.764336,98.96004102311159
2020-10-14,train,97.34305054012907,99.562485,99.74764117738165
2020-10-15,train,97.30561757511165,96.85421,97.34305054012907
2020-10-16,train,96.34523695975058,97.03043,97.30561757511165
2020-10-19,train,94.96536081806568,96.177956,96.34523695975058
2020-10-20,train,93.98868227943193,94.7248,94.96536081806568
2020-10-21,train,93.63131527660144,93.81891,93.98868227943193
2020-10-22,train,94.68501233211062,93.46399,93.63131527660144
2020-10-23,train,93.20850849091036,94.46329,94.68501233211062
2020-10-26,train,93.26142659761307,92.80675,93.20850849091036
2020-10-27,train,92.73969174140973,92.947365,93.26142659761307
2020-10-28,train,92.39422511363479,92.44298,92.73969174140973
2020-10-29,train,93.53143395510564,92.13719,92.39422511363479
2020-10-30,train,94.15618604358392,93.29479,93.53143395510564
2020-11-02,train,95.69860622601205,93.80717,94.15618604358392
2020-11-03,train,95.5404450501005,95.420265,95.69860622601205
2020-11-04,train,94.76483056905242,95.026855,95.5404450501005
2020-11-05,train,94.52950888299048,94.1381,94.76483056905242
2020-11-06,train,94.82394962815619,94.0786,94.52950888299048
2020-11-09,train,95.04409015817834,94.46664,94.82394962815619
2020-11-10,train,93.83409104862785,94.6342,95.04409015817834
2020-11-11,train,93.95482779342466,93.27343,93.83409104862785
2020-11-12,train,94.23134270415883,93.57145,93.95482779342466
2020-11-13,train,97.14090368515387,93.87028,94.23134270415883
2020-11-16,train,99.37342016372581,97.09144,97.14090368515387
2020-11-17,train,98.38080903624565,99.321556,99.37342016372581
2020-11-18,train,98.06172767123111,97.84868,98.38080903624565
2020-11-19,train,96.37394168049627,97.398735,98.06172767123111
2020-11-20,train,95.71235259812269,95.80237,96.37394168049627
2020-11-23,train,96.09474447858655,95.34531,95.71235259812269
2020-11-24,train,97.5148690919451,95.876,96.09474447858655
2020-11-25,train,96.68476721451044,97.37446,97.5148690919451
2020-11-26,train,95.9479739504029,96.20774,96.68476721451044
2020-11-27,train,93.5259219701264,95.413315,95.9479739504029
2020-11-30,train,93.36220884605531,93.13884,93.5259219701264
2020-12-01,train,92.19792954698924,93.17784,93.36220884605531
2020-12-02,train,91.63235236457902,92.04316,92.19792954698924
2020-12-03,train,90.69135802745026,91.54307,91.63235236457902
2020-12-04,train,90.6069500147669,90.7413,90.69135802745026
2020-12-07,train,88.73356076579924,90.69768,90.6069500147669
2020-12-08,train,87.20255556692065,89.29043,88.73356076579924
2020-12-09,train,89.47726787442427,88.409096,87.20255556692065
2020-12-10,train,88.12317324780358,89.92042,89.47726787442427
2020-12-11,train,86.98834158223035,88.86389,88.12317324780358
2020-12-14,train,88.94489913961236,88.2556,86.98834158223035
2020-12-15,train,92.11869174789757,89.55842,88.94489913961236
2020-12-16,train,90.85084298796444,92.20174,92.11869174789757
2020-12-17,train,90.46835184873962,90.75499,90.85084298796444
2020-12-18,train,90.85808219248095,90.57658,90.46835184873962
2020-12-21,train,92.78111570820866,91.00818,90.85808219248095
2020-12-22,train,91.70719509701314,92.81067,92.78111570820866
2020-12-23,train,91.45595639021138,91.49192,91.70719509701314
2020-12-24,train,92.33151797275131,91.37619,91.45595639021138
2020-12-25,train,92.83305284483899,92.28649,92.33151797275131
2020-12-28,train,92.43344540569682,92.662285,92.83305284483899
2020-12-29,train,92.30358678648156,92.157814,92.43344540569682
2020-12-30,train,90.81134757986172,92.09105,92.30358678648156
2020-12-31,train,90.57028383148862,90.750565,90.81134757986172
2021-01-01,train,90.29928265192697,90.70014,90.57028383148862
2021-01-04,train,90.56932277677588,90.47627,90.29928265192697
2021-01-05,train,89.98577734903313,90.710915,90.56932277677588
2021-01-06,train,90.51450287757424,90.198166,89.98577734903313
2021-01-07,train,91.63952557051877,90.69247,90.51450287757424
2021-01-08,train,91.82897066291994,91.66047,91.63952557051877
2021-01-11,train,92.23585236885728,91.71783,91.82897066291994
2021-01-12,train,92.31316586941583,92.093445,92.23585236885728
2021-01-13,train,92.33172385484411,92.13547,92.31316586941583
2021-01-14,train,91.55401168706688,92.14604,92.33172385484411
2021-01-15,train,91.92077097206649,91.40198,91.55401168706688
2021-01-18,train,91.83188621891284,91.844955,91.92077097206649
2021-01-19,train,94.1865699095652,91.70883,91.83188621891284
2021-01-20,train,96.00092821101228,94.140366,94.1865699095652
2021-01-21,train,96.46574959977848,95.873634,96.00092821101228
2021-01-22,train,95.60559394362646,96.073135,96.46574959977848
2021-01-25,train,94.35671068630938,94.932594,95.60559394362646
2021-01-26,train,95.7342487080069,93.73226,94.35671068630938
2021-01-27,train,96.05578350411707,95.57005,95.7342487080069
2021-01-28,train,96.63015168068017,95.7013,96.05578350411707
2021-01-29,train,94.64715223416685,96.20205,96.63015168068017
2021-02-01,train,95.7255316856499,93.931274,94.64715223416685
2021-02-02,train,96.2682047660369,95.41709,95.7255316856499
2021-02-03,train,95.0129242891781,95.9551,96.2682047660369
2021-02-04,train,94.49572825310015,94.38131,95.0129242891781
2021-02-05,train,94.81420466354135,94.000084,94.49572825310015
2021-02-08,train,94.89289531399355,94.46984,94.81420466354135
2021-02-09,train,94.57969227447003,94.47925,94.89289531399355
2021-02-10,train,94.48120486426936,94.091255,94.57969227447003
2021-02-11,train,94.2147919057,94.03041,94.48120486426936
2021-02-12,train,94.40631300797985,93.77099,94.2147919057
2021-02-15,train,96.10735516998903,94.00208,94.40631300797985
2021-02-16,train,93.2110193791807,95.87567,96.10735516998903
2021-02-17,train,92.96506200568145,92.557014,93.2110193791807
2021-02-18,train,93.18081885810669,92.61072,92.96506200568145
2021-02-19,train,93.53108324237735,92.92113,93.18081885810669
2021-02-22,train,93.13321123679448,93.20325,93.53108324237735
2021-02-23,train,91.20869074326156,92.72493,93.13321123679448
2021-02-24,train,91.58670613179926,90.99652,91.20869074326156
2021-02-25,train,93.52364893994164,91.53293,91.58670613179926
2021-02-26,train,91.83633241730013,93.39437,93.52364893994164
2021-03-01,train,92.81181360403721,91.46927,91.83633241730013
2021-03-02,train,92.46513280233212,92.61021,92.81181360403721
2021-03-03,train,92.41559473823499,92.19076,92.46513280233212
2021-03-04,train,91.27354225496907,92.16648,92.41559473823499
2021-03-05,train,90.92613580222545,91.12368,91.27354225496907
2021-03-08,train,92.37422759133018,90.94693,90.92613580222545
2021-03-09,train,93.0409650403829,92.32479,92.37422759133018
2021-03-10,train,95.01432025232435,92.816345,93.0409650403829
2021-03-11,train,96.38557585937868,94.85464,95.01432025232435
2021-03-12,train,96.91415654033854,96.17149,96.38557585937868
2021-03-15,train,98.98346508754034,96.53609,96.91415654033854
2021-03-16,train,99.52618095931217,98.92871,98.98346508754034
2021-03-17,train,100.54009396769699,99.39152,99.52618095931217
2021-03-18,train,100.20296123439427,100.370445,100.54009396769699
2021-03-19,train,100.30306885322614,99.95477,100.20296123439427
2021-03-22,train,99.48702218559522,100.06614,100.30306885322614
2021-03-23,train,100.69561086993978,99.2554,99.48702218559522
2021-03-24,train,99.30168792059982,100.77569,100.69561086993978
2021-03-25,train,100.25839198021896,99.19231,99.30168792059982
2021-03-26,train,100.04928959641843,100.2267,100.25839198021896
2021-03-29,train,101.4857024137052,100.12886,100.04928959641843
2021-03-30,train,102.42474701797892,101.63284,101.4857024137052
2021-03-31,train,104.70806111311495,102.659584,102.42474701797892
2021-04-01,train,105.65144314962896,104.879074,104.70806111311495
2021-04-02,train,103.69780214196989,105.90101,105.65144314962896
2021-04-05,train,103.63524581621924,103.60042,103.69780214196989
2021-04-06,train,102.20835196861971,103.05986,103.63524581621924
2021-04-07,train,101.59497122765416,102.0034,102.20835196861971
2021-04-08,train,103.47486979677993,101.39954,101.59497122765416
2021-04-09,train,104.29038638740558,103.67988,103.47486979677993
2021-04-12,train,103.44002952717615,104.563614,104.29038638740558
2021-04-13,train,102.20978445747926,103.32287,103.44002952717615
2021-04-14,train,102.27045222002762,101.696335,102.20978445747926
2021-04-15,train,100.80843924893674,102.14151,102.27045222002762
2021-04-16,train,100.01982251675861,100.74495,100.80843924893674
2021-04-19,train,100.41509104447796,99.82605,100.01982251675861
2021-04-20,train,101.83728043520568,100.53857,100.41509104447796
2021-04-21,train,102.60445853201674,102.118576,101.83728043520568
2021-04-22,train,99.84169814766997,102.82237,102.60445853201674
2021-04-23,train,100.2270702075293,99.553955,99.84169814766997
2021-04-26,train,100.33380898604503,100.02158,100.2270702075293
2021-04-27,train,100.85354350954556,100.59981,100.33380898604503
2021-04-28,train,102.84920808885754,101.0332,100.85354350954556
2021-04-29,train,100.35411261136397,103.07978,102.84920808885754
2021-04-30,train,99.66472630033665,100.32431,100.35411261136397
2021-05-03,train,100.39402483069108,99.25613,99.66472630033665
2021-05-04,train,98.5263040829266,100.628746,100.39402483069108
2021-05-05,train,100.30694628265972,98.53828,98.5263040829266
2021-05-06,train,100.77146467149447,100.44291,100.30694628265972
2021-05-07,train,101.82078262610791,101.03023,100.77146467149447
2021-05-10,train,101.14578691327442,101.95563,101.82078262610791
2021-05-11,train,102.15876013562048,101.152626,101.14578691327442
2021-05-12,train,103.49773556085617,102.18738,102.15876013562048
2021-05-13,train,103.8081277893632,103.776726,103.49773556085617
2021-05-14,train,104.1213536369641,104.01915,103.8081277893632
2021-05-17,train,104.48057820690701,104.09496,104.1213536369641
2021-05-18,train,103.42441504310041,104.450905,104.48057820690701
2021-05-19,train,103.26213057122354,103.28578,103.42441504310041
2021-05-20,train,103.09392252695591,102.98154,103.26213057122354
2021-05-21,train,103.59003814448337,103.04699,103.09392252695591
2021-05-24,train,104.8613560702442,103.61702,103.59003814448337
2021-05-25,train,103.55849542821538,104.93828,104.8613560702442
2021-05-26,train,103.42394564576401,103.49456,103.55849542821538
2021-05-27,train,105.30005953061423,103.00018,103.42394564576401
2021-05-28,train,104.38551553499468,105.358665,105.30005953061423
2021-05-31,train,103.38128251559024,104.561844,104.38551553499468
2021-06-01,train,103.65329207471443,102.86776,103.38128251559024
2021-06-02,train,104.72985466965679,103.38254,103.65329207471443
2021-06-03,train,104.76516638192884,104.88931,104.72985466965679
2021-06-04,train,106.47059693028056,104.82497,104.76516638192884
2021-06-07,train,107.59244049748573,106.27636,106.47059693028056
2021-06-08,train,108.70656962819831,107.52336,107.59244049748573
2021-06-09,train,109.4536999661314,108.45902,108.70656962819831
2021-06-10,train,112.57655348888589,109.116196,109.4536999661314
2021-06-11,train,112.32219982434293,111.284,112.57655348888589
2021-06-14,train,109.67585665934192,111.78625,112.32219982434293
2021-06-15,train,111.83005023513313,109.99685,109.67585665934192
2021-06-16,train,111.23976502939341,110.87404,111.83005023513313
2021-06-17,train,111.40614442722863,110.88979,111.23976502939341
2021-06-18,train,113.19331289163924,110.91048,111.40614442722863
2021-06-21,train,111.05993117864921,112.02462,113.19331289163924
2021-06-22,train,109.42618469506245,111.0967,111.05993117864921
2021-06-23,train,107.36506762947799,109.367966,109.42618469506245
2021-06-24,train,106.3680488280424,106.91611,107.36506762947799
2021-06-25,train,106.95207940466358,105.57201,106.3680488280424
2021-06-28,train,107.64848305173949,106.61086,106.95207940466358
2021-06-29,train,108.02756460453999,107.50402,107.64848305173949
2021-06-30,train,106.23283393342014,107.67515,108.02756460453999
2021-07-01,train,103.34903930470925,105.7423,106.23283393342014
2021-07-02,train,103.4371553453717,102.1453,103.34903930470925
2021-07-05,train,102.87379247643125,102.86369,103.4371553453717
2021-07-06,train,103.46315411297127,102.91506,102.87379247643125
2021-07-07,train,104.35922081570888,103.3003,103.46315411297127
2021-07-08,train,104.55339429583503,104.30469,104.35922081570888
2021-07-09,train,105.53255548792299,104.51953,104.55339429583503
2021-07-12,train,105.84439296140049,105.42196,105.53255548792299
2021-07-13,train,106.54109732566295,105.81514,105.84439296140049
2021-07-14,train,105.66510669277207,106.39278,106.54109732566295
2021-07-15,train,105.45869766900324,105.495476,105.66510669277207
2021-07-16,train,105.72915663636498,105.050934,105.45869766900324
2021-07-19,train,106.79670135278458,105.52112,105.72915663636498
2021-07-20,train,106.31454925872394,106.68685,106.79670135278458
2021-07-21,train,107.00292310652372,106.19325,106.31454925872394
2021-07-22,train,106.68345521040878,106.61576,107.00292310652372
2021-07-23,train,106.55439237835576,106.46659,106.68345521040878
2021-07-26,train,107.64188199162632,106.21871,106.55439237835576
2021-07-27,train,105.11900458619216,107.31121,107.64188199162632
2021-07-28,train,103.51695517919144,104.837906,105.11900458619216
2021-07-29,train,101.71239692999998,102.463455,103.51695517919144
2021-07-30,train,98.92339861171332,101.02678,101.71239692999998
2021-08-02,train,98.14113796875273,98.41887,98.92339861171332
2021-08-03,train,99.047529684973,98.01562,98.14113796875273
2021-08-04,train,98.72924692326596,99.21831,99.047529684973
2021-08-05,train,98.98365197559461,98.71905,98.72924692326596
2021-08-06,train,100.3059800574293,98.9207,98.98365197559461
2021-08-09,train,101.93726229280517,100.43766,100.3059800574293
2021-08-10,train,101.87309716689805,102.16402,101.93726229280517
2021-08-11,train,103.56204730427103,101.99939,101.87309716689805
2021-08-12,train,103.69733791111099,103.61987,103.56204730427103
2021-08-13,train,102.68105854974061,103.92043,103.69733791111099
2021-08-16,train,101.97165280003806,102.52918,102.68105854974061
2021-08-17,train,100.19601553929314,101.643425,101.97165280003806
2021-08-18,train,99.15366480765033,99.95145,100.19601553929314
2021-08-19,train,98.74834224831643,99.040695,99.15366480765033
2021-08-20,train,99.7251235316852,98.83788,98.74834224831643
2021-08-23,train,101.82614258000665,99.93302,99.7251235316852
2021-08-24,train,100.17119740726615,102.1016,101.82614258000665
2021-08-25,train,100.66464300673832,100.17302,100.17119740726615
2021-08-26,train,99.43539120702256,100.47973,100.66464300673832
2021-08-27,train,100.02343051713771,99.413765,99.43539120702256
2021-08-30,train,99.88618860614439,100.11282,100.02343051713771
2021-08-31,train,97.7350801027485,100.01722,99.88618860614439
2021-09-01,train,98.84966077486943,97.5461,97.7350801027485
2021-09-02,train,98.15423905444678,98.94496,98.84966077486943
2021-09-03,train,97.5469018037816,98.226326,98.15423905444678
2021-09-06,train,96.32195492906777,97.43129,97.5469018037816
2021-09-07,train,95.58776954321627,96.19081,96.32195492906777
2021-09-08,train,96.09906279286375,95.50673,95.58776954321627
2021-09-09,train,95.90025409050266,96.04259,96.09906279286375
2021-09-10,train,96.29848392686635,95.69647,95.90025409050266
2021-09-13,train,96.73696921245231,96.044754,96.29848392686635
2021-09-14,train,98.3019218240536,96.46998,96.73696921245231
2021-09-15,train,97.91797552378935,98.17471,98.3019218240536
2021-09-16,train,96.21717248973192,97.58495,97.91797552378935
2021-09-17,train,97.47681150007341,95.61528,96.21717248973192
2021-09-20,train,97.10925267128033,97.34525,97.47681150007341
2021-09-21,train,98.4365098417477,96.86897,97.10925267128033
2021-09-22,train,98.91019285740876,98.28866,98.4365098417477
2021-09-23,train,98.77441811000627,98.76372,98.91019285740876
2021-09-24,train,99.2085257782667,98.49059,98.77441811000627
2021-09-27,train,101.57892745206154,99.03762,99.2085257782667
2021-09-28,train,104.16330135696496,101.777664,101.57892745206154
2021-09-29,train,104.27091318328947,104.438545,104.16330135696496
2021-09-30,train,104.49244098896433,104.55623,104.27091318328947
2021-10-01,train,105.87187278159418,104.36577,104.49244098896433
2021-10-04,train,104.82388783301629,105.7905,105.87187278159418
2021-10-05,train,105.26474183790573,104.88772,104.82388783301629
2021-10-06,train,105.25312607505239,104.95276,105.26474183790573
2021-10-07,train,105.67148378963272,105.15511,105.25312607505239
2021-10-08,train,104.6409165148314,105.55411,105.67148378963272
2021-10-11,train,102.68436198941757,104.393036,104.6409165148314
2021-10-12,train,100.18154952931451,101.95629,102.68436198941757
2021-10-13,train,98.86699143134597,99.39933,100.18154952931451
2021-10-14,train,98.34397896632477,98.67498,98.86699143134597
2021-10-15,train,98.01818507507636,98.41859,98.34397896632477
2021-10-18,train,100.34354992540014,98.04144,98.01818507507636
2021-10-19,train,101.70451708345598,100.560036,100.34354992540014
2021-10-20,train,100.55719040859772,101.93761,101.70451708345598
2021-10-21,train,100.99783953480852,100.47844,100.55719040859772
2021-10-22,train,100.52577748833333,100.8383,100.99783953480852
2021-10-25,train,100.20337001559079,100.586754,100.52577748833333
2021-10-26,train,100.44654834691838,100.20511,100.20337001559079
2021-10-27,train,101.21589220995371,100.53732,100.44654834691838
2021-10-28,train,100.82483259091075,101.41438,101.21589220995371
2021-10-29,train,102.14066161794713,100.89764,100.82483259091075
2021-11-01,train,100.7707001274206,102.255974,102.14066161794713
2021-11-02,train,100.79852360889498,100.80157,100.7707001274206
2021-11-03,train,104.01090958671244,100.66774,100.79852360889498
2021-11-04,train,104.31057534796973,104.31746,104.01090958671244
2021-11-05,train,106.14131052960613,104.779,104.31057534796973
2021-11-08,train,106.27919713726217,106.08557,106.14131052960613
2021-11-09,train,107.04388513064582,106.34282,106.27919713726217
2021-11-10,train,106.99236678423485,106.865036,107.04388513064582
2021-11-11,train,106.79515950137389,106.85536,106.99236678423485
2021-11-12,train,105.82203983152935,106.54196,106.79515950137389
2021-11-15,train,106.39115353947139,105.46294,105.82203983152935
2021-11-16,train,105.33060089948802,106.01943,106.39115353947139
2021-11-17,train,106.19648460269728,105.11793,105.33060089948802
2021-11-18,train,107.61009366717438,105.829605,106.19648460269728
2021-11-19,train,108.10606489204821,107.44203,107.61009366717438
2021-11-22,train,107.75690847739088,107.93719,108.10606489204821
2021-11-23,train,108.36719669344018,107.46904,107.75690847739088
2021-11-24,train,107.9881342478833,107.912025,108.36719669344018
2021-11-25,train,109.22914447720783,107.72998,107.9881342478833
2021-11-26,train,106.87618826970294,108.73111,109.22914447720783
2021-11-29,train,106.46792404307186,106.72684,106.87618826970294
2021-11-30,train,103.97536677456375,105.740074,106.46792404307186
2021-12-01,train,102.14703380348635,103.24356,103.97536677456375
2021-12-02,train,103.85333152219528,101.23779,102.14703380348635
2021-12-03,train,104.99595753271001,103.92374,103.85333152219528
2021-12-06,train,104.11417015145554,105.23643,104.99595753271001
2021-12-07,train,102.2742617449512,103.87595,104.11417015145554
2021-12-08,train,98.71961886698529,101.47533,102.2742617449512
2021-12-09,train,98.097487370921,97.925606,98.71961886698529
2021-12-10,train,101.00870825324755,98.08682,98.097487370921
2021-12-13,train,101.55752073482387,101.4627,101.00870825324755
2021-12-14,train,100.89803750592165,101.81495,101.55752073482387
2021-12-15,train,101.48301451442174,100.74155,100.89803750592165
2021-12-16,train,99.61970033468303,101.41346,101.48301451442174
2021-12-17,train,99.28475744360176,99.5206,99.61970033468303
2021-12-20,train,99.42323003070607,99.1872,99.28475744360176
2021-12-21,train,99.34042431974423,99.592384,99.42323003070607
2021-12-22,train,100.30767921692829,99.44925,99.34042431974423
2021-12-23,train,100.7435316956527,100.44859,100.30767921692829
2021-12-24,train,101.57504749417619,100.890816,100.7435316956527
2021-12-27,train,100.75959601164264,101.69628,101.57504749417619
2021-12-28,train,101.8713993329383,100.74572,100.75959601164264
2021-12-29,train,103.90307260029093,101.92901,101.8713993329383
2021-12-30,train,102.72101037524995,104.22302,103.90307260029093
2021-12-31,train,101.65292635838242,102.918335,102.72101037524995
2022-01-03,train,103.31615367882598,101.19157,101.65292635838242
2022-01-04,train,103.09981662701242,103.41046,103.31615367882598
2022-01-05,train,104.872305202834,103.42349,103.09981662701242
2022-01-06,train,104.33772989886675,104.88026,104.872305202834
2022-01-07,train,106.1967586871241,104.44033,104.33772989886675
2022-01-10,train,106.38572637598058,106.02362,106.1967586871241
2022-01-11,train,106.73724531961311,106.47581,106.38572637598058
2022-01-12,train,108.78209789169327,106.56447,106.73724531961311
2022-01-13,train,108.33253600898067,108.36425,108.78209789169327
2022-01-14,train,107.13739418477273,108.30138,108.33253600898067
2022-01-17,train,106.58356209116594,106.85143,107.13739418477273
2022-01-18,train,107.18510632806803,106.01581,106.58356209116594
2022-01-19,train,105.21103567038617,106.84775,107.18510632806803
2022-01-20,train,106.04015545714435,104.92047,105.21103567038617
2022-01-21,train,105.37786363719432,105.48151,106.04015545714435
2022-01-24,train,106.8607241960007,105.21628,105.37786363719432
2022-01-25,train,103.85495060386103,106.57317,106.8607241960007
2022-01-26,train,102.89987526065138,103.45891,103.85495060386103
2022-01-27,train,100.85852706516467,101.8684,102.89987526065138
2022-01-28,train,99.88345528630724,100.39026,100.85852706516467
2022-01-31,train,100.20078771057341,99.67331,99.88345528630724
2022-02-01,train,100.00551460298301,100.26041,100.20078771057341
2022-02-02,train,99.7218489271265,100.024925,100.00551460298301
2022-02-03,train,99.55144853305136,99.65977,99.7218489271265
2022-02-04,train,99.81467734617043,99.5457,99.55144853305136
2022-02-07,train,98.63368218619877,99.90144,99.81467734617043
2022-02-08,train,99.49376742803315,98.58026,98.63368218619877
2022-02-09,train,100.30815471798866,99.58032,99.49376742803315
2022-02-10,train,100.79285298378626,100.52874,100.30815471798866
2022-02-11,train,101.48853652852665,100.91759,100.79285298378626
2022-02-14,train,101.87054774685134,101.58438,101.48853652852665
2022-02-15,train,104.40982154658782,101.98534,101.87054774685134
2022-02-16,train,104.32161894519349,104.595985,104.40982154658782
2022-02-17,train,103.95869101611753,104.663605,104.32161894519349
2022-02-18,train,103.04350601083637,103.803215,103.95869101611753
2022-02-21,train,101.79532049797922,102.70356,103.04350601083637
2022-02-22,train,100.30649754790433,101.47134,101.79532049797922
2022-02-23,train,99.26220717856017,100.037025,100.30649754790433
2022-02-24,train,99.19788977813396,99.15981,99.26220717856017
2022-02-25,train,99.61654678869387,99.293495,99.19788977813396
2022-02-28,train,99.69763822904403,99.7602,99.61654678869387
2022-03-01,train,98.80572659699499,99.76161,99.69763822904403
2022-03-02,train,99.89881056730098,98.71369,98.80572659699499
2022-03-03,train,100.80931190879019,100.00452,99.89881056730098
2022-03-04,train,100.63649364038261,101.04078,100.80931190879019
2022-03-07,validation,99.8710603991168,100.68985,100.63649364038261
2022-03-08,validation,100.5506009714765,99.72116,99.8710603991168
2022-03-09,validation,100.79782480538412,100.63028,100.5506009714765
2022-03-10,validation,99.08115372976995,100.98996,100.79782480538412
2022-03-11,validation,99.02016199434689,98.92405,99.08115372976995
2022-03-14,validation,99.35188236801041,98.94394,99.02016199434689
2022-03-15,validation,98.30467438051893,99.528725,99.35188236801041
2022-03-16,validation,98.54858732842938,98.27217,98.30467438051893
2022-03-17,validation,96.86244014053356,98.53164,98.54858732842938
2022-03-18,validation,98.4477609988661,96.756294,96.86244014053356
2022-03-21,validation,99.95313859726038,98.550186,98.4477609988661
2022-03-22,validation,99.67065036240973,100.14945,99.95313859726038
2022-03-23,validation,100.12633174952796,99.61675,99.67065036240973
2022-03-24,validation,97.29169612898215,100.007515,100.12633174952796
2022-03-25,validation,95.97017543590597,96.95143,97.29169612898215
2022-03-28,validation,95.6515713251272,95.78096,95.97017543590597
2022-03-29,validation,94.44772693792815,95.68819,95.6515713251272
2022-03-30,validation,95.27993903054318,94.37436,94.44772693792815
2022-03-31,validation,97.61067315320962,95.15788,95.27993903054318
2022-04-01,validation,96.26140569600234,97.565475,97.61067315320962
2022-04-04,validation,95.31792717526491,95.77954,96.26140569600234
2022-04-05,validation,95.60673682503113,94.7503,95.31792717526491
2022-04-06,validation,97.49261974713465,95.3229,95.60673682503113
2022-04-07,validation,96.09220396453712,97.416885,97.49261974713465
2022-04-08,validation,96.39907652503729,95.55854,96.09220396453712
2022-04-11,validation,98.5488346103549,95.944824,96.39907652503729
2022-04-12,validation,96.63404369984288,98.546234,98.5488346103549
2022-04-13,validation,95.17889898424076,96.10229,96.63404369984288
2022-04-14,validation,94.71524683201619,94.54595,95.17889898424076
2022-04-15,validation,94.14422619944938,94.42934,94.71524683201619
2022-04-18,validation,95.08575257425157,93.85379,94.14422619944938
2022-04-19,validation,95.38096781559273,94.817894,95.08575257425157
2022-04-20,validation,93.38955564453022,94.98742,95.38096781559273
2022-04-21,validation,93.9877486140274,92.84088,93.38955564453022
2022-04-22,validation,93.3572912227892,93.67767,93.9877486140274
2022-04-25,validation,94.81497300097121,92.986565,93.3572912227892
2022-04-26,validation,94.12242131907314,94.54625,94.81497300097121
2022-04-27,validation,93.42480666944681,93.609886,94.12242131907314
2022-04-28,validation,94.05225060445835,92.93813,93.42480666944681
2022-04-29,validation,94.93624899447008,93.73944,94.05225060445835
2022-05-02,validation,95.46720596603316,94.618835,94.93624899447008
2022-05-03,validation,93.57428638937087,95.04945,95.46720596603316
2022-05-04,validation,94.19923315635667,92.92092,93.57428638937087
2022-05-05,validation,93.05589595111064,93.86312,94.19923315635667
2022-05-06,validation,93.33765879668319,92.6451,93.05589595111064
2022-05-09,validation,91.77490043058202,93.02037,93.33765879668319
2022-05-10,validation,92.28620852280174,91.49491,91.77490043058202
2022-05-11,validation,91.41554342640393,92.11853,92.28620852280174
2022-05-12,validation,90.03728907415767,91.256294,91.41554342640393
2022-05-13,validation,90.83001105328825,90.18436,90.03728907415767
2022-05-16,validation,91.11199676499821,90.94077,90.83001105328825
2022-05-17,validation,90.46126624983827,91.112465,91.11199676499821
2022-05-18,validation,92.06878014853446,90.52606,90.46126624983827
2022-05-19,validation,91.60153956151669,92.06248,92.06878014853446
2022-05-20,validation,91.65516891072461,91.44976,91.60153956151669
2022-05-23,validation,91.96980645156138,91.5513,91.65516891072461
2022-05-24,validation,91.30671569324329,91.87103,91.96980645156138
2022-05-25,validation,91.8427592988288,91.21166,91.30671569324329
2022-05-26,validation,91.27496541064728,91.78872,91.8427592988288
2022-05-27,validation,90.84337672001081,91.1986,91.27496541064728
2022-05-30,validation,92.35950272667583,90.87266,90.84337672001081
2022-05-31,validation,91.23162184730838,92.341835,92.35950272667583
2022-06-01,validation,88.64576008479843,91.08623,91.23162184730838
2022-06-02,validation,90.39414049226473,89.1858,88.64576008479843
2022-06-03,validation,93.22084758066008,90.70355,90.39414049226473
2022-06-06,validation,92.78714922087497,93.23557,93.22084758066008
2022-06-07,validation,90.67358641709498,92.44387,92.78714922087497
2022-06-08,validation,90.35445172100977,90.510735,90.67358641709498
2022-06-09,validation,90.06265658461861,90.55403,90.35445172100977
2022-06-10,validation,89.875603085425,90.32545,90.06265658461861
2022-06-13,validation,88.70053046919413,90.17315,89.875603085425
2022-06-14,validation,89.33743486836214,89.29639,88.70053046919413
2022-06-15,validation,89.9194879837046,89.828445,89.33743486836214
2022-06-16,validation,88.33901222223274,90.23355,89.9194879837046
2022-06-17,validation,89.1011450192963,89.02455,88.33901222223274
2022-06-20,validation,91.34142467459179,89.67669,89.1011450192963
2022-06-21,validation,91.54841235296645,91.49707,91.34142467459179
2022-06-22,test,91.19681991944904,91.49194,91.54841235296645
2022-06-23,test,91.05975948249467,91.14243,91.19681991944904
2022-06-24,test,91.75289777354125,91.09644,91.05975948249467
2022-06-27,test,89.88499416055978,91.76622,91.75289777354125
2022-06-28,test,90.08049855607976,90.04667,89.88499416055978
2022-06-29,test,89.67734127949942,90.381065,90.08049855607976
2022-06-30,test,91.7063873537535,90.02311,89.67734127949942
2022-07-01,test,91.53321930657107,91.8132,91.7063873537535
2022-07-04,test,93.40235978298801,91.43624,91.53321930657107
2022-07-05,test,92.19184908021683,93.32359,93.40235978298801
2022-07-06,test,92.8624003965199,91.86358,92.19184908021683
2022-07-07,test,93.2376523288089,92.68092,92.8624003965199
2022-07-08,test,92.28882559876418,93.0238,93.2376523288089
2022-07-11,test,92.50399395268691,91.967354,92.28882559876418
2022-07-12,test,93.87856144199513,92.31139,92.50399395268691
2022-07-13,test,93.53320875107723,93.73189,93.87856144199513
2022-07-14,test,91.67163387463314,93.1217,93.53320875107723
2022-07-15,test,91.67064805072508,91.31289,91.67163387463314
2022-07-18,test,90.7014337132425,91.58922,91.67064805072508
2022-07-19,test,90.34765598062737,90.72194,90.7014337132425
2022-07-20,test,90.27729775681013,90.4931,90.34765598062737
2022-07-21,test,88.46599077294715,90.451706,90.27729775681013
2022-07-22,test,86.78469602403483,89.10513,88.46599077294715
2022-07-25,test,87.30564257470647,88.17005,86.78469602403483
2022-07-26,test,86.7770747246837,88.46015,87.30564257470647
2022-07-27,test,84.1638537422446,88.10512,86.7770747246837
2022-07-28,test,84.97725793995706,86.85351,84.1638537422446
2022-07-29,test,85.2725079429701,87.15072,84.97725793995706
2022-08-01,test,84.56205184426922,87.227325,85.2725079429701
2022-08-02,test,83.25295666172444,86.904144,84.56205184426922
2022-08-03,test,84.1089799594242,86.368,83.25295666172444
2022-08-04,test,84.4792165322767,86.64564,84.1089799594242
2022-08-05,test,86.94682920907837,86.7792,84.4792165322767
2022-08-08,test,87.40382416822405,88.0656,86.94682920907837
2022-08-09,test,87.82897645759054,88.3611,87.40382416822405
2022-08-10,test,87.6707516351986,88.69277,87.82897645759054
2022-08-11,test,88.5519733765244,88.61048,87.6707516351986
2022-08-12,test,89.23654668231627,89.255554,88.5519733765244
2022-08-15,test,90.60517874421076,89.732574,89.23654668231627
2022-08-16,test,90.05814316659999,90.83706,90.60517874421076
2022-08-17,test,89.60674599311751,90.261856,90.05814316659999
2022-08-18,test,89.11087395710797,89.97221,89.60674599311751
2022-08-19,test,89.97852132030093,89.64073,89.11087395710797
2022-08-22,test,91.62933606591469,90.35296,89.97852132030093
2022-08-23,test,91.14443054901683,91.73629,91.62933606591469
2022-08-24,test,90.69916151528629,91.10246,91.14443054901683
2022-08-25,test,91.05985514767166,90.767105,90.69916151528629
2022-08-26,test,90.80986282873693,91.16109,91.05985514767166
2022-08-29,test,91.87165466016313,90.89174,90.80986282873693
2022-08-30,test,89.44028693414828,91.89014,91.87165466016313
2022-08-31,test,88.57509798224497,89.6837,89.44028693414828
2022-09-01,test,87.76490986904452,89.275314,88.57509798224497
2022-09-02,test,85.37194114626912,88.74871,87.76490986904452
2022-09-05,test,84.40729465839077,87.43692,85.37194114626912
2022-09-06,test,83.50211443230077,86.97304,84.40729465839077
2022-09-07,test,83.31750725550881,86.516266,83.50211443230077
2022-09-08,test,84.45461495297563,86.36722,83.31750725550881
2022-09-09,test,84.22346474532277,86.76134,84.45461495297563
2022-09-12,test,83.20469665938313,86.66823,84.22346474532277
2022-09-13,test,83.16448069689166,86.281784,83.20469665938313
2022-09-14,test,84.23499272137569,86.23732,83.16448069689166
2022-09-15,test,83.27088095034082,86.62552,84.23499272137569
2022-09-16,test,82.38241640734877,86.25913,83.27088095034082
2022-09-19,test,82.95303535397227,85.947105,82.38241640734877
2022-09-20,test,82.7493513165645,86.0926,82.95303535397227
2022-09-21,test,83.41148347561376,86.007065,82.7493513165645
2022-09-22,test,83.4145062372988,86.24041,83.41148347561376
2022-09-23,test,84.1366441895831,86.25359,83.4145062372988
2022-09-26,test,83.11467297302579,86.55775,84.1366441895831
2022-09-27,test,83.11924309168226,86.1817,83.11467297302579
2022-09-28,test,82.92594332138313,86.18297,83.11924309168226
2022-09-29,test,81.74112729556155,86.09348,82.92594332138313
2022-09-30,test,80.2378648619141,85.69446,81.74112729556155
2022-10-03,test,80.91704728513723,85.23712,80.2378648619141
2022-10-04,test,80.59310449958356,85.31368,80.91704728513723
2022-10-05,test,79.62640272348848,85.19741,80.59310449958356
2022-10-06,test,79.55046364514583,84.94211,79.62640272348848
2022-10-07,test,80.65072624301659,84.86885,79.55046364514583
2022-10-10,test,78.48903670760727,85.089066,80.65072624301659
2022-10-11,test,77.10740275806882,84.63641,78.48903670760727
2022-10-12,test,76.27343051119392,84.32984,77.10740275806882
2022-10-13,test,77.63813990589334,84.11068,76.27343051119392
2022-10-14,test,77.91744306124336,84.23373,77.63813990589334
2022-10-17,test,78.65393427007712,84.28383,77.91744306124336
2022-10-18,test,77.6006435037926,84.4256,78.65393427007712
2022-10-19,test,76.58040918159105,84.27186,77.6006435037926
2022-10-20,test,77.00844212468974,84.09286,76.58040918159105
2022-10-21,test,77.07772634711219,84.106346,77.00844212468974
2022-10-24,test,77.60246651137624,84.10458,77.07772634711219
2022-10-25,test,77.44338550028222,84.18196,77.60246651137624
2022-10-26,test,77.71784407255883,84.17189,77.44338550028222
2022-10-27,test,77.8810228020798,84.21886,77.71784407255883
2022-10-28,test,78.62702911083915,84.257324,77.8810228020798
2022-10-31,test,79.4080399165774,84.40304,78.62702911083915
2022-11-01,test,77.89495261063544,84.59419,79.4080399165774
2022-11-02,test,75.83757899668707,84.35626,77.89495261063544
2022-11-03,test,76.77007222964164,84.018776,75.83757899668707
2022-11-04,test,77.88766379336442,84.0607,76.77007222964164
2022-11-07,test,76.95494375746483,84.22009,77.88766379336442
2022-11-08,test,75.27153783126236,84.1029,76.95494375746483
2022-11-09,test,75.37611876235705,83.85831,75.27153783126236
2022-11-10,test,76.23804042280624,83.80532,75.37611876235705
2022-11-11,test,77.91602861283323,83.88245,76.23804042280624
2022-11-14,test,78.41594301032845,84.142784,77.91602861283323
2022-11-15,test,78.08255473680907,84.29494,78.41594301032845
2022-11-16,test,77.26561981478002,84.28998,78.08255473680907
2022-11-17,test,77.29169483133632,84.17279,77.26561981478002
2022-11-18,test,77.03002898459765,84.1582,77.29169483133632
2022-11-21,test,76.11265289784423,84.10893,77.03002898459765
2022-11-22,test,78.02268249110669,83.96447,76.11265289784423
2022-11-23,test,79.72806098149726,84.21441,78.02268249110669
2022-11-24,test,80.83856898907088,84.5916,79.72806098149726
2022-11-25,test,79.96619523732315,84.950226,80.83856898907088
2022-11-28,test,80.80705028545326,84.837654,79.96619523732315
2022-11-29,test,81.44596014715967,85.071526,80.80705028545326
2022-11-30,test,81.89601085249045,85.28947,81.44596014715967
2022-12-01,test,83.15000496393561,85.47912,81.89601085249045
2022-12-02,test,83.80316028863555,85.95124,83.15000496393561
2022-12-05,test,84.56757254545397,86.27618,83.80316028863555
2022-12-06,test,85.23343319778728,86.67378,84.56757254545397
2022-12-07,test,85.59982700568054,87.04741,85.23343319778728
2022-12-08,test,83.80393208372747,87.28544,85.59982700568054
2022-12-09,test,83.90484688217452,86.51289,83.80393208372747
2022-12-12,test,83.36337615212528,86.56847,83.90484688217452
2022-12-13,test,82.1092753691266,86.3219,83.36337615212528
2022-12-14,test,83.79998143847281,85.868195,82.1092753691266
2022-12-15,test,85.57393422687245,86.40967,83.79998143847281
2022-12-16,test,86.99854351297286,87.2174,85.57393422687245
2022-12-19,test,87.28284509173182,88.06861,86.99854351297286
2022-12-20,test,88.72675155573735,88.28598,87.28284509173182
2022-12-21,test,88.7573354506631,89.328896,88.72675155573735
2022-12-22,test,88.99139193543905,89.3133,88.7573354506631
2022-12-23,test,87.8488732562416,89.534195,88.99139193543905
2022-12-26,test,88.28602999899596,88.73665,87.8488732562416
2022-12-27,test,88.36769976304147,89.112465,88.28602999899596
2022-12-28,test,87.01449292933825,89.12916,88.36769976304147
2022-12-29,test,86.97844460833731,88.25286,87.01449292933825
2022-12-30,test,86.9126481548461,88.2766,86.97844460833731
2023-01-02,test,88.82554735555148,88.205414,86.9126481548461
2023-01-03,test,89.80178602312243,89.46876,88.82554735555148
2023-01-04,test,89.8320853411723,90.143814,89.80178602312243
2023-01-05,test,90.11869700326733,90.12333,89.8320853411723
2023-01-06,test,90.18455713962598,90.38777,90.11869700326733
2023-01-09,test,89.98322262866236,90.43671,90.18455713962598
2023-01-10,test,88.83974345895153,90.27076,89.98322262866236
2023-01-11,test,88.69659394106746,89.408745,88.83974345895153
2023-01-12,test,87.92360476229464,89.38138,88.69659394106746
2023-01-13,test,86.631589446967,88.83505,87.92360476229464
2023-01-16,test,87.18211311477705,88.07145,86.631589446967
2023-01-17,test,87.60993116347865,88.39311,87.18211311477705
2023-01-18,test,85.76867707861601,88.61478,87.60993116347865
2023-01-19,test,85.65963020563899,87.55873,85.76867707861601
2023-01-20,test,86.70660575301929,87.52933,85.65963020563899
2023-01-23,test,87.83330499483587,88.04643,86.70660575301929
2023-01-24,test,88.93900509656632,88.72798,87.83330499483587
